{
	"pattrstorage": {
		"name": "zsPattrStore",
		"slots": {
			"1": {
				"id": 1,
				"data": {
					"b1": [
						0.0
					],
					"masterGain": [
						-36.342923480718781
					],
					"b1m1": [
						"500, 0 1000"
					],
					"b1m2": [
						"0., 1. 500 0. 500"
					]
				}
			},
			"2": {
				"id": 2,
				"data": {
					"b1": [
						0.0
					],
					"masterGain": [
						-36.342923480718781
					],
					"b1m1": [
						"0, 1000 1000 0 1000"
					],
					"b1m2": [
						"0., 1. 1000 0. 1000"
					]
				}
			}
		}
	}
}
